<?xml version="1.0" encoding="UTF-8"?>
<server>
	<mbean code="com.adventnet.nms.jboss.service.WebNMSService" name="jboss:service=WebNMSService">
		<attribute name="Args">WEBCONTAINER_PORT=8080,NMS_BE_PORT=2000,ROOT_DIR=../server/default/deploy/webnms.ear/webnms.war/,USERS_DIR=../server/default/deploy/webnms.ear/webnms.war/</attribute>
		<attribute name="BindName">WebNMSFactory</attribute>
		<depends>jboss.j2ee:ear=webnms.ear,jar=AlertEJB.jar,name=AlertSessionEJB,service=EJB3</depends>
		<depends>jboss.j2ee:ear=webnms.ear,jar=EventEJB.jar,name=EventSessionEJB,service=EJB3</depends>
		<depends>jboss.j2ee:ear=webnms.ear,jar=MapEJB.jar,name=MapSessionEJB,service=EJB3</depends>
		<depends>jboss.j2ee:ear=webnms.ear,jar=PerfEJB.jar,name=PerfSessionEJB,service=EJB3</depends>
		<depends>jboss.j2ee:ear=webnms.ear,jar=TopoEJB.jar,name=TopoSessionEJB,service=EJB3</depends>
	</mbean>
	<classpath codebase="deploy/webnms.ear/webnms.war/mysql/driver" archives="mysql_connector.jar"/>
	<classpath codebase="deploy/webnms.ear/webnms.war/" archives="conf"/>
	<classpath codebase="deploy/webnms.ear/webnms.war/classes" archives="hbnlib,NmsServerClasses.jar,Mail.jar,xmojo.jar,ManagementServer.jar,AdventNetTL1Agent.jar,AdventNetTL1.jar,bsh-1.2b3.jar,AdventNetOPExtn.jar,j2ssh-common.jar,AdventNetWebNmsAgent.jar,JimiProClasses.jar,AdventNetCLI.jar,AdventNetJta.jar,activation.jar,AdventNetCLIClient.jar,AdventNetNPrevalent.jar,j2ssh-core.jar,AdventNetUpdateManagerInstaller.jar,jta.jar,AdventNetSUMServer.jar,AdventNetSnmp.jar,debugger.jar,SNMPDebugger.jar,ftp.jar,AdventNetTftp.jar,AdventNetSUMClient.jar,AdventNetSAS.jar,AdventNetTL1.jar,p6spy.jar,jfreechart.jar,jcommon.jar,AdventNetSnmpAgent.jar,AdventNetTL1AgentTools.jar,AdventNetTL1Tools.jar,AdventNetJmxAgent.jar,AdventNetARUtils.jar,AdventNetSnmpDistributedAPI.jar,AdventNetUI.jar,json.jar"/>
	<classpath codebase="deploy/webnms.ear/webnms.war/apache/tomcat/server/lib/" archives="commons-beanutils.jar,commons-digester.jar"/>
	<classpath codebase="deploy/webnms.ear/webnms.war/apache/tomcat/common/lib/" archives="servlet-api.jar,jasperreports.jar,itext-1.02b.jar"/>
	<classpath codebase="deploy/webnms.ear/webnms.war/WEB-INF/lib/" archives="struts.jar,commons-validator.jar"/>
	<classpath codebase="deploy/webnms.ear/webnms.war/classes/hbnlib/" archives="ant-antlr-1.6.5.jar,antlr-2.7.6.jar,asm-attrs.jar,asm.jar,c3p0-0.9.1.jar,cglib-2.1.3.jar,commons-collections-2.1.1.jar,dom4j-1.6.1.jar,ehcache-1.2.3.jar,hibernate3.jar"/>
</server>
