<?xml version="1.0" encoding="UTF-8"?>
<Server port="TOMCAT_SHUTDOWNPORT" shutdown="SHUTDOWN" debug="0" outputRedirect="false">


  <!-- Comment these entries out to disable JMX MBeans support -->
  <!-- You may also configure custom components (e.g. Valves/Realms) by
       including your own mbean-descriptor file(s), and setting the
       "descriptors" attribute to point to a ';' seperated list of paths
       (in the ClassLoader sense) of files to add to the default list.
       e.g. descriptors="/com/myfirm/mypackage/mbean-descriptor.xml"
  -->
  <!-- Commented out for WebNMS-->
  <!--Listener className="org.apache.catalina.mbeans.ServerLifecycleListener"
            debug="0"/>
  <Listener className="org.apache.catalina.mbeans.GlobalResourcesLifecycleListener"
            debug="0"/-->

  <!-- Commented out for WebNMS-->
  <!-- Global JNDI resources -->
  <!--GlobalNamingResources-->

    <!-- Test entry for demonstration purposes -->
    <!--Environment name="simpleValue" type="java.lang.Integer" value="30"/-->

    <!-- Editable user database that can also be used by
         UserDatabaseRealm to authenticate users -->
    <!--Resource name="UserDatabase" auth="Container"
              type="org.apache.catalina.UserDatabase"
       description="User database that can be updated and saved">
    </Resource>
    <ResourceParams name="UserDatabase">
      <parameter>
        <name>factory</name>
        <value>org.apache.catalina.users.MemoryUserDatabaseFactory</value>
      </parameter>
      <parameter>
        <name>pathname</name>
        <value>conf/tomcat-users.xml</value>
      </parameter>
    </ResourceParams>

  </GlobalNamingResources-->

  <!-- A "Service" is a collection of one or more "Connectors" that share
       a single "Container" (and therefore the web applications visible
       within that Container).  Normally, that Container is an "Engine",
       but this is not required.

       Note:  A "Service" is not itself a "Container", so you may not
       define subcomponents such as "Valves" or "Loggers" at this level.
   -->

  <!-- Define the Tomcat Stand-Alone Service -->
  <Service name="Tomcat-Standalone">

    <!-- A "Connector" represents an endpoint by which requests are received
         and responses are returned.  Each Connector passes requests on to the
         associated "Container" (normally an Engine) for processing.

         By default, a non-SSL HTTP/1.1 Connector is established on port 8080.
         You can also enable an SSL HTTP/1.1 Connector on port 8443 by
         following the instructions below and uncommenting the second Connector
         entry.  SSL support requires the following steps (see the SSL Config
         HOWTO in the Tomcat 4.0 documentation bundle for more detailed
         instructions):
         * Download and install JSSE 1.0.2 or later, and put the JAR files
           into "$JAVA_HOME/jre/lib/ext".
         * Execute:
             %JAVA_HOME%\bin\keytool -genkey -alias tomcat -keyalg RSA (Windows)
             $JAVA_HOME/bin/keytool -genkey -alias tomcat -keyalg RSA  (Unix)
           with a password value of "changeit" for both the certificate and
           the keystore itself.

         By default, DNS lookups are enabled when a web application calls
         request.getRemoteHost().  This can have an adverse impact on
         performance, so you can disable it by setting the
         "enableLookups" attribute to "false".  When DNS lookups are disabled,
         request.getRemoteHost() will return the String version of the
         IP address of the remote client.
    -->

    <!-- Commented out for WebNMS-->
    <!-- Define a non-SSL Coyote HTTP/1.1 Connector on port 8080 -->
    <!--Connector className="org.apache.coyote.tomcat4.CoyoteConnector"
               port="8080" minProcessors="5" maxProcessors="75"
               enableLookups="true" redirectPort="8443"
               acceptCount="100" debug="0" connectionTimeout="20000"
               useURIValidationHack="false" disableUploadTimeout="true" /-->
    <!-- Note : To disable connection timeouts, set connectionTimeout value
     to -1 -->

    <!-- Define a SSL Coyote HTTP/1.1 Connector on port 8443 -->
    <!--
    <Connector className="org.apache.coyote.tomcat4.CoyoteConnector"
               port="8443" minProcessors="5" maxProcessors="75"
               enableLookups="true"
           acceptCount="100" debug="0" scheme="https" secure="true"
               useURIValidationHack="false" disableUploadTimeout="true">
      <Factory className="org.apache.coyote.tomcat4.CoyoteServerSocketFactory"
               clientAuth="false" protocol="TLS" />
    </Connector>
    -->

    <!-- Commented out for WebNMS-->
    <!-- Define a Coyote/JK2 AJP 1.3 Connector on port 8009 -->
    <!--Connector className="org.apache.coyote.tomcat4.CoyoteConnector"
               port="8009" minProcessors="5" maxProcessors="75"
               enableLookups="true" redirectPort="8443"
               acceptCount="10" debug="0" connectionTimeout="0"
               useURIValidationHack="false"
               protocolHandlerClassName="org.apache.jk.server.JkCoyoteHandler"/-->

    <!-- Uncommented out for WebNMS-->
    <!-- Define an AJP 1.3 Connector on port 8009 -->
    <Connector className="org.apache.ajp.tomcat4.Ajp13Connector" port="WEBCONTAINER_PORT" minProcessors="3" maxProcessors="60" acceptCount="5" debug="0" enableLookups="false"/>

    <!-- Define a Proxied HTTP/1.1 Connector on port 8082 -->
    <!-- See proxy documentation for more information about using this. -->
    <!--
    <Connector className="org.apache.coyote.tomcat4.CoyoteConnector"
               port="8082" minProcessors="5" maxProcessors="75"
               enableLookups="true"
               acceptCount="100" debug="0" connectionTimeout="20000"
               proxyPort="80" useURIValidationHack="false"
               disableUploadTimeout="true" />
    -->

    <!-- Define a non-SSL legacy HTTP/1.1 Test Connector on port 8083 -->
    <!--
    <Connector className="org.apache.catalina.connector.http.HttpConnector"
               port="8083" minProcessors="5" maxProcessors="75"
               enableLookups="true" redirectPort="8443"
               acceptCount="10" debug="0" />
    -->

    <!-- Define a non-SSL HTTP/1.0 Test Connector on port 8084 -->
    <!--
    <Connector className="org.apache.catalina.connector.http10.HttpConnector"
               port="8084" minProcessors="5" maxProcessors="75"
               enableLookups="true" redirectPort="8443"
               acceptCount="10" debug="0" />
    -->

    <!-- An Engine represents the entry point (within Catalina) that processes
         every request.  The Engine implementation for Tomcat stand alone
         analyzes the HTTP headers included with the request, and passes them
         on to the appropriate Host (virtual host). -->

    <!-- You should set jvmRoute to support load-balancing via JK/JK2 ie :
    <Engine name="Standalone" defaultHost="localhost" debug="0" jmvRoute="jvm1">
    -->

    <!-- Define the top level container in our container hierarchy -->
    <Engine name="Standalone" defaultHost="localhost" debug="0">

      <!-- The request dumper valve dumps useful debugging information about
           the request headers and cookies that were received, and the response
           headers and cookies that were sent, for all requests received by
           this instance of Tomcat.  If you care only about requests to a
           particular virtual host, or a particular application, nest this
           element inside the corresponding <Host> or <Context> entry instead.

           For a similar mechanism that is portable to all Servlet 2.3
           containers, check out the "RequestDumperFilter" Filter in the
           example application (the source for this filter may be found in
           "$CATALINA_HOME/webapps/examples/WEB-INF/classes/filters").

           Request dumping is disabled by default.  Uncomment the following
           element to enable it. -->
      <!--
      <Valve className="org.apache.catalina.valves.RequestDumperValve"/>
      -->

      <!-- Global logger unless overridden at lower levels -->
      <Logger className="org.apache.catalina.logger.FileLogger" prefix="catalina_log." suffix=".txt" timestamp="true"/>

      <!-- Because this Realm is here, an instance will be shared globally -->

      <!-- This Realm uses the UserDatabase configured in the global JNDI
           resources under the key "UserDatabase".  Any edits
           that are performed against this UserDatabase are immediately
           available for use by the Realm.  -->
      <!--Realm className="org.apache.catalina.realm.UserDatabaseRealm"
                 debug="0" resourceName="UserDatabase"/-->

      <!-- Comment out the old realm but leave here for now in case we
           need to go back quickly -->
      <!--
      <Realm className="org.apache.catalina.realm.MemoryRealm" />
      -->

      <!-- Replace the above Realm with one of the following to get a Realm
           stored in a database and accessed via JDBC -->

      <!--
      <Realm  className="org.apache.catalina.realm.JDBCRealm" debug="99"
             driverName="org.gjt.mm.mysql.Driver"
          connectionURL="jdbc:mysql://localhost/authority"
         connectionName="test" connectionPassword="test"
              userTable="users" userNameCol="user_name" userCredCol="user_pass"
          userRoleTable="user_roles" roleNameCol="role_name" />
      -->

      <!--
      <Realm  className="org.apache.catalina.realm.JDBCRealm" debug="99"
             driverName="oracle.jdbc.driver.OracleDriver"
          connectionURL="jdbc:oracle:thin:@ntserver:1521:ORCL"
         connectionName="scott" connectionPassword="tiger"
              userTable="users" userNameCol="user_name" userCredCol="user_pass"
          userRoleTable="user_roles" roleNameCol="role_name" />
      -->

      <!--
      <Realm  className="org.apache.catalina.realm.JDBCRealm" debug="99"
             driverName="sun.jdbc.odbc.JdbcOdbcDriver"
          connectionURL="jdbc:odbc:CATALINA"
              userTable="users" userNameCol="user_name" userCredCol="user_pass"
          userRoleTable="user_roles" roleNameCol="role_name" />
      -->

      <!-- Define the default virtual host -->
      <Host name="localhost" debug="0" appBase="webapps" unpackWARs="true" autoDeploy="true">

        <!-- Normally, users must authenticate themselves to each web app
             individually.  Uncomment the following entry if you would like
             a user to be authenticated the first time they encounter a
             resource protected by a security constraint, and then have that
             user identity maintained across *all* web applications contained
             in this virtual host. -->
        <!--
        <Valve className="org.apache.catalina.authenticator.SingleSignOn"
                   debug="0"/>
        -->

        <!-- Access log processes all requests for this virtual host.  By
             default, log files are created in the "logs" directory relative to
             $CATALINA_HOME.  If you wish, you can specify a different
             directory with the "directory" attribute.  Specify either a relative
             (to $CATALINA_HOME) or absolute path to the desired directory.
        -->
        <!-- Uncommented out for WebNMS --> 
        <Valve className="org.apache.catalina.valves.AccessLogValve" directory="logs" prefix="localhost_access_log." suffix=".txt" pattern="common" resolveHosts="false"/>

        <!-- Logger shared by all Contexts related to this virtual host.  By
             default (when using FileLogger), log files are created in the "logs"
             directory relative to $CATALINA_HOME.  If you wish, you can specify
             a different directory with the "directory" attribute.  Specify either a
             relative (to $CATALINA_HOME) or absolute path to the desired
             directory.-->
        <Logger className="org.apache.catalina.logger.FileLogger" directory="logs" prefix="localhost_log." suffix=".txt" timestamp="true"/>

        <!-- Define properties for each web application.  This is only needed
             if you want to set non-default properties, or have web application
             document roots in places other than the virtual host's appBase
             directory.  -->

        <!-- Tomcat Root Context -->
        <!--
          <Context path="" docBase="ROOT" debug="0"/>
        -->
       <Context path="" docBase="WEBNMS_ROOT_DIR" debug="0" privileged="true" reloadble="false" liveDeploy="false" swallowOutput="true">
           <Manager className="org.apache.catalina.session.PersistentManager" debug="0" saveOnRestart="false" maxActiveSessions="-1" minIdleSwap="-1" maxIdleSwap="-1" maxIdleBackup="-1">
                   <Store className="org.apache.catalina.session.FileStore"/>
          </Manager>
 	   
       </Context>	   


        <!-- Tomcat Examples Context -->
        <!-- Removed for WebNMS-->  

      </Host>

    </Engine>

  </Service>


</Server>
