<?xml version="1.0" encoding="UTF-8"?>
<!--$Id: mysql-ds.xml,v 1.2 2008/03/31 09:32:23 aravinds Exp $ -->
<!-- $Id: mysql-ds.xml,v 1.2 2008/03/31 09:32:23 aravinds Exp $ -->
<!--  Datasource config for MySQL using 3.0.9 available from:
http://www.mysql.com/downloads/api-jdbc-stable.html
-->
<datasources>
  <local-tx-datasource>
    <jndi-name>WebNmsDB</jndi-name>
    <connection-url>jdbc:mysql://localhost:3306/WebNmsDB</connection-url>
    <driver-class>com.mysql.jdbc.Driver</driver-class>
    <user-name>root</user-name>
    <password/>
    <exception-sorter-class-name>org.jboss.resource.adapter.jdbc.vendor.MySQLExceptionSorter</exception-sorter-class-name>
    <max-pool-size>15</max-pool-size>
    <blocking-timeout-millis>28000</blocking-timeout-millis>
    <!-- should only be used on drivers after 3.22.1 with "ping" support
    <valid-connection-checker-class-name>org.jboss.resource.adapter.jdbc.vendor.MySQLValidConnectionChecker</valid-connection-checker-class-name>
    -->
    <!-- sql to call when connection is created
    <new-connection-sql>some arbitrary sql</new-connection-sql>
      -->
    <!-- sql to call on an existing pooled connection when it is obtained from pool - MySQLValidConnectionChecker is preferred for newer drivers
    <check-valid-connection-sql>some arbitrary sql</check-valid-connection-sql>
      -->

    <!-- corresponding type-mapping in the standardjbosscmp-jdbc.xml (optional) -->
    <metadata>
       <type-mapping>mySQL</type-mapping>
    </metadata>
  </local-tx-datasource>
</datasources>
