<?xml version="1.0"?>

<!DOCTYPE application PUBLIC 
 "-//Sun Microsystems, Inc.//DTD J2EE Application 1.3//EN"
  "http://java.sun.com/dtd/application_1_3.dtd">

<application>
<display-name>AdventNet WebNMS</display-name>
		<module>
		<web>
			<web-uri>webnms.war</web-uri>
			<context-root>/</context-root>
		</web>
		</module>
	<module>
		<java>mysql-ds.xml</java>
	</module>

	<module>
		<ejb>ejb/AlertEJB.jar</ejb>
	</module>

	<module>
		<ejb>ejb/EventEJB.jar</ejb>
	</module>

	<module>
		<ejb>ejb/PerfEJB.jar</ejb>
	</module>

	<module>
		<ejb>ejb/TopoEJB.jar</ejb>
	</module>

	<module>
		<ejb>ejb/ConfigEJB.jar</ejb>
	</module>

	<module>
		<ejb>ejb/MapEJB.jar</ejb>
	</module>
</application>
<!-- $Id: application.xml,v 1.3 2008/03/26 06:18:01 venkatramanan Exp $ -->
