<?xml version="1.0"?>
<!-- $Id: UserObject.hbm.xml,v 1.2 2007/10/17 15:17:01 parimala Exp $ -->
<!DOCTYPE hibernate-mapping PUBLIC
        "-//Hibernate/Hibernate Mapping DTD 3.0//EN"
        "http://hibernate.sourceforge.net/hibernate-mapping-3.0.dtd">
<hibernate-mapping >
	

	<class name="test.UserObject"
	       	table="UserObject" dynamic-update="true" select-before-update="true">
<cache usage="read-write"/>
        <id name="id" column="ID">           
		<generator class="native"/> 
        </id>
        	
        <property name="source" 
		  	type="string"
		  	column="SOURCE"
		  	not-null="true"
		  	length="50"/>
	<property name="timeValue"
			type="long"
			column="TIMEVALUE"
			length="25"/>

	<property name="dayOfEvent" 
			type="date"
			column="DayOfEvent"
			/>
	
    </class>
</hibernate-mapping>                          
