<?xml version="1.0" encoding="UTF-8"?>
<project name="Deploying Web NMS FE in JBoss" default="copynmsfiles" basedir=".">
        <property environment="env"/>
        <property name="webnmsdir" value="${env.NMS_HOME}"/>
        <property name="examplesdir" value="${env.NMS_HOME}/examples/jboss"/>
        <property name="eardir" value="${env.NMS_HOME}/examples/jboss/webnms_fe.ear"/>
        <property name="wardir" value="${env.NMS_HOME}/examples/jboss/webnms_fe.ear/webnms.war"/>

<target name="sarcreation" depends="jarcreation">
	<jar destfile="${eardir}/webnms.sar" basedir="${examplesdir}/webnms_fe_sar/" includes="webnmsfeservice.jar META-INF/**"/>
</target>

<target name="jarcreation">
	<jar destfile="${examplesdir}/webnms_fe_sar/webnmsfeservice.jar" basedir="${examplesdir}/webnms_fe_sar/" includes="**/*.class"/>
</target>

<target name="ear_dir_creation">
        <mkdir dir="${eardir}"/>
</target>

<target name="war_dir_creation">
        <mkdir dir="${wardir}"/>
</target>
<target name="copynmsfiles" depends="ear_dir_creation,war_dir_creation,sarcreation">
        <copy file="${examplesdir}/index.html" tofile="${wardir}/index.html"/> <!-- JBoss index.html -->
        <copy file="${examplesdir}/mysql-ds.xml" tofile="${eardir}/mysql-ds.xml"/> <!-- JBoss - MySQL connections file -->
	<copy file="${webnmsdir}/conf/feDeployment/DownloadFiles.xml" tofile="${wardir}/conf/DownloadFiles.xml"/>	

        <copy todir="${eardir}/META-INF">  <!-- META-INF to webnms.ear-->
                <fileset dir="${examplesdir}/META-INF"/>
        </copy>

        <copy todir="${eardir}/ejb"> <!-- ejb to webnms.ear-->
                <fileset dir="${examplesdir}/ejb"/>
        </copy>

        <copy file="${webnmsdir}/favicon.ico" tofile="${wardir}/favicon.ico"/>
<!-- favicon.ico -->

        <copy todir="${wardir}/WEB-INF">
                <fileset dir="${webnmsdir}/WEB-INF"/>
        </copy>
        <copy todir="${wardir}/webclient">
                <fileset dir="${webnmsdir}/webclient"/>
        </copy>
        <copy todir="${wardir}/jsp">
                <fileset dir="${webnmsdir}/jsp"/> <!--Actual war creation for web client gets over here. Remaining files are other NMS files-->
        </copy>
        <copy todir="${wardir}/NetMonitor">
                <fileset dir="${webnmsdir}/NetMonitor"/>
<!-- NetMonitor -->
        </copy>
        <copy todir="${wardir}/apache">
                <fileset dir="${webnmsdir}/apache"/>
<!-- apache -->
	</copy>
        <copy todir="${wardir}/classes">
		<fileset dir="${webnmsdir}/classes" excludes="log4j.jar"/>
<!-- classes  -->
        </copy>
        <copy todir="${wardir}/conf">
                <fileset dir="${webnmsdir}/conf"/>
<!-- conf -->
        </copy>
        <copy todir="${wardir}/data">
                <fileset dir="${webnmsdir}/data"/>
<!-- data -->
        </copy>
        <copy todir="${wardir}/genTrap">
                <fileset dir="${webnmsdir}/genTrap"/>
<!-- genTrap -->
        </copy>
        <copy todir="${wardir}/html">
                <fileset dir="${webnmsdir}/html"/>
<!-- html -->
        </copy>
        <copy todir="${wardir}/icons">
                <fileset dir="${webnmsdir}/icons"/>
<!-- icons -->
        </copy>
        <copy todir="${wardir}/images">
                <fileset dir="${webnmsdir}/images"/>
<!-- images -->
        </copy>
        <copy todir="${wardir}/lib">
                <fileset dir="${webnmsdir}/lib"/>
<!-- lib -->
        </copy>
        <copy todir="${wardir}/listmenus">
                <fileset dir="${webnmsdir}/listmenus"/>
<!-- listmenus -->
        </copy>
        <copy todir="${wardir}/mapdata">
                <fileset dir="${webnmsdir}/mapdata"/>
<!-- mapdata -->
        </copy>
        <copy todir="${wardir}/mibs">
                <fileset dir="${webnmsdir}/mibs"/>
<!-- mibs -->
        </copy>
        <copy todir="${wardir}/mysql">
                <fileset dir="${webnmsdir}/mysql"/>
<!-- mysql -->
        </copy>
        <copy todir="${wardir}/users">
                <fileset dir="${webnmsdir}/users"/>
<!-- users -->
        </copy>
<copy todir="${wardir}/bin">
						<fileset dir="${webnmsdir}/bin" includes="compileJSP*.* UpdateManager*.*"/>
					</copy>
<copy todir="${wardir}/Patch">
						<fileset dir="${webnmsdir}/Patch"/>
					</copy>
<copy todir="${wardir}">
						<fileset dir="${webnmsdir}" includes="setEnv*.*"/>
					</copy>
</target>
</project>
