<?xml version="1.0" encoding="ISO-8859-1"?>
<!DOCTYPE web-app
     PUBLIC "-//Sun Microsystems, Inc.//DTD Web Application 2.3//EN"
    "http://java.sun.com/dtd/web-app_2_3.dtd">
<web-app>
<!-- $Id: web.xml,v 1.8 2007/10/31 13:05:22 venkatramanan Exp $ -->

  <!-- ======================== Introduction ============================== -->
  <!-- This document defines default values for *all* web applications      -->
  <!-- loaded into this instance of Tomcat.  As each application is         -->
  <!-- deployed, this file is processed, followed by the                    -->
  <!-- "/WEB-INF/web.xml" deployment descriptor from your own               -->
  <!-- applications.                                                        -->
  <!--                                                                      -->
  <!-- WARNING:  Do not configure application-specific resources here!      -->
  <!-- They should go in the "/WEB-INF/web.xml" file in your application.   -->


  <!-- ================== Built In Servlet Definitions ==================== -->


  <!-- The default servlet for all web applications, that serves static     -->
  <!-- resources.  It processes all requests that are not mapped to other   -->
  <!-- servlets with servlet mappings (defined either here or in your own   -->
  <!-- web.xml file.  This servlet supports the following initialization    -->
  <!-- parameters (default values are in square brackets):                  -->
  <!--                                                                      -->
  <!--   debug               Debugging detail level for messages logged     -->
  <!--                       by this servlet.  [0]                          -->
  <!--                                                                      -->
  <!--   input               Input buffer size (in bytes) when reading      -->
  <!--                       resources to be served.  [2048]                -->
  <!--                                                                      -->
  <!--   listings            Should directory listings be produced if there -->
  <!--                       is no welcome file in this directory?  [true]  -->
  <!--                                                                      -->
  <!--   output              Output buffer size (in bytes) when writing     -->
  <!--                       resources to be served.  [2048]                -->
  <!--                                                                      -->
  <!--   readonly            Is this context "read only", so HTTP           -->
  <!--                       commands like PUT and DELETE are               -->
  <!--                       rejected?  [true]                              -->

    <servlet>
        <servlet-name>default</servlet-name>
        <servlet-class>
          org.apache.catalina.servlets.DefaultServlet
        </servlet-class>
        <init-param>
            <param-name>debug</param-name>
            <param-value>0</param-value>
        </init-param>
        <init-param>
            <param-name>listings</param-name>
            <param-value>false</param-value>
        </init-param>
        <load-on-startup>1</load-on-startup>
    </servlet>


  <!-- The "invoker" servlet, which executes anonymous servlet classes      -->
  <!-- that have not been defined in a web.xml file.  Traditionally, this   -->
  <!-- servlet is mapped to URL pattern "/servlet/*", but you can map it    -->
  <!-- to other patterns as well.  The extra path info portion of such a    -->
  <!-- request must be the fully qualified class name of a Java class that  -->
  <!-- implements Servlet (or extends HttpServlet), or the servlet name     -->
  <!-- of an existing servlet definition.     This servlet supports the     -->
  <!-- following initialization parameters (default values are in square    -->
  <!-- brackets):                                                           -->
  <!--                                                                      -->
  <!--   debug               Debugging detail level for messages logged     -->
  <!--                       by this servlet.  [0]                          -->
  <!-- Invoker commented to address Vulnerability
    <servlet>
        <servlet-name>invoker</servlet-name>
        <servlet-class>
          org.apache.catalina.servlets.InvokerServlet
        </servlet-class>
        <init-param>
            <param-name>debug</param-name>
            <param-value>0</param-value>
        </init-param>
        <load-on-startup>2</load-on-startup>
    </servlet>
    -->

  <!-- The JSP page compiler and execution servlet, which is the mechanism  -->
  <!-- used by Tomcat to support JSP pages.  Traditionally, this servlet    -->
  <!-- is mapped to URL patterh "*.jsp".  This servlet supports the         -->
  <!-- following initialization parameters (default values are in square    -->
  <!-- brackets):                                                           -->
  <!--                                                                      -->
  <!--   checkInterval       If development is false and reloading is true, -->
  <!--                       background compiles are enabled. checkInterval -->
  <!--                       is the time in seconds between checks to see   -->
  <!--                       if a JSP page needs to be recompiled. [300]    -->
  <!--                                                                      -->
  <!--   compiler            Which compiler Ant should use to compile JSP   -->
  <!--                       pages.  See the Ant documenation for more      -->
  <!--                       information. [javac]                           -->
  <!--                                                                      -->
  <!--   classdebuginfo      Should the class file be compiled with         -->
  <!--                       debugging information?  [true]                 -->
  <!--                                                                      -->
  <!--   classpath           What class path should I use while compiling   -->
  <!--                       generated servlets?  [Created dynamically      -->
  <!--                       based on the current web application]          -->
  <!--                                                                      -->
  <!--   development         Is Jasper used in development mode (will check -->
  <!--                       for JSP modification on every access)?  [true] -->
  <!--                                                                      -->
  <!--   enablePooling       Determines whether tag handler pooling is      -->
  <!--                       enabled  [true]                                -->
  <!--                                                                      -->
  <!--   ieClassId           The class-id value to be sent to Internet      -->
  <!--                       Explorer when using <jsp:plugin> tags.         -->
  <!--                       [clsid:8AD9C840-044E-11D1-B3E9-00805F499D93]   -->
  <!--                                                                      -->
  <!--   fork                Tell Ant to fork compiles of JSP pages so that -->
  <!--                       a separate JVM is used for JSP page compiles   -->
  <!--                       from the one Tomcat is running in. [true]      -->
  <!--                                                                      -->
  <!--   javaEncoding        Java file encoding to use for generating java  -->
  <!--                       source files. [UTF8]                           -->
  <!--                                                                      -->
  <!--   keepgenerated       Should we keep the generated Java source code  -->
  <!--                       for each page instead of deleting it? [true]   -->
  <!--                                                                      -->
  <!--   largefile           Should we store the static content of JSP      -->
  <!--                       pages in external data files, to reduce the    -->
  <!--                       size of the generated servlets?  [false]       -->
  <!--                                                                      -->
  <!--   logVerbosityLevel   The level of detailed messages to be produced  -->
  <!--                       by this servlet.  Increasing levels cause the  -->
  <!--                       generation of more messages.  Valid values are -->
  <!--                       FATAL, ERROR, WARNING, INFORMATION, and DEBUG. -->
  <!--                       [WARNING]                                      -->
  <!--                                                                      -->
  <!--   mappedfile          Should we generate static content with one     -->
  <!--                       print statement per input line, to ease        -->
  <!--                       debugging?  [false]                            -->
  <!--                                                                      -->
  <!--   reloading           Should Jasper check for modified JSPs?  [true] -->
  <!--                                                                      -->
  <!--   scratchdir          What scratch directory should we use when      -->
  <!--                       compiling JSP pages?  [default work directory  -->
  <!--                       for the current web application]               -->
  <!--                                                                      -->
  <!-- If you wish to use Jikes to compile JSP pages:                       -->
  <!--   Set the init parameter "compiler" to "jikes".  Define              -->
  <!--   the property "-Dbuild.compiler.emacs=true" when starting Tomcat    -->
  <!--   by adding the above to your CATALINA_OPTS environment variable.    -->
  <!--   If you get an error reporting that jikes can't use UTF8 encoding,  -->
  <!--   try setting the init parameter "javaEncoding" to "ISO-8859-1".     -->

    <servlet>
        <servlet-name>jsp</servlet-name>
        <servlet-class>org.apache.jasper.servlet.JspServlet</servlet-class>
        <init-param>
                                       <param-name>development</param-name>                   <param-value>false</param-value>               </init-param>          <init-param>                   <param-name>mappedfile</param-name>                   <param-value>false</param-value>               </init-param>                                  <init-param>               <param-name>logVerbosityLevel</param-name>
            <param-value>WARNING</param-value>
        </init-param>
        <init-param>
            <param-name>fork</param-name>
             <param-value>true</param-value>
        </init-param>
        <load-on-startup>3</load-on-startup>
    </servlet>


  <!-- Server Side Includes processing servlet, which processes SSI         -->
  <!-- directives in HTML pages consistent with similar support in web      -->
  <!-- servers like Apache.  Traditionally, this servlet is mapped to       -->
  <!-- URL pattern "*.shtml".  This servlet supports the following          -->
  <!-- initialization parameters (default values are in square brackets):   -->
  <!--                                                                      -->
  <!--   buffered            Should output from this servlet be buffered?   -->
  <!--                       (0=false, 1=true)  [0]                         -->
  <!--                                                                      -->
  <!--   debug               Debugging detail level for messages logged     -->
  <!--                       by this servlet.  [0]                          -->
  <!--                                                                      -->
  <!--   expires             The number of seconds before a page with SSI   -->
  <!--                       directives will expire.  [No default]          -->
  <!--                                                                      -->
  <!--   isVirtualWebappRelative                                            -->
  <!--                       Should "virtual" paths be interpreted as       -->
  <!--                       relative to the context root, instead of       -->
  <!--                       the server root?  (0=false, 1=true) [0]        -->
  <!--                                                                      -->
  <!--                                                                      -->
  <!-- IMPORTANT: To use the SSI servlet, you also need to rename the       -->
  <!--            $CATALINA_HOME/server/lib/servlets-ssi.renametojar file   -->
  <!--            to $CATALINA_HOME/server/lib/servlets-ssi.jar             -->

<!--
    <servlet>
        <servlet-name>ssi</servlet-name>
        <servlet-class>
          org.apache.catalina.ssi.SSIServlet
        </servlet-class>
        <init-param>
          <param-name>buffered</param-name>
          <param-value>1</param-value>
        </init-param>
        <init-param>
          <param-name>debug</param-name>
          <param-value>0</param-value>
        </init-param>
        <init-param>
          <param-name>expires</param-name>
          <param-value>666</param-value>
        </init-param>
        <init-param>
          <param-name>isVirtualWebappRelative</param-name>
          <param-value>0</param-value>
        </init-param>
        <load-on-startup>4</load-on-startup>
    </servlet>
-->


  <!-- Common Gateway Includes (CGI) processing servlet, which supports     -->
  <!-- execution of external applications that conform to the CGI spec      -->
  <!-- requirements.  Typically, this servlet is mapped to the URL pattern  -->
  <!-- "/cgi-bin/*", which means that any CGI applications that are         -->
  <!-- executed must be present within the web application.  This servlet   -->
  <!-- supports the following initialization parameters (default values     -->
  <!-- are in square brackets):                                             -->
  <!--                                                                      -->
  <!--   cgiPathPrefix       The CGI search path will start at              -->
  <!--                       webAppRootDir + File.separator + this prefix.  -->
  <!--                       [WEB-INF/cgi]                                  -->
  <!--                                                                      -->
  <!--   clientInputTimeout  The time (in milliseconds) to wait for input   -->
  <!--                       from the browser before assuming that there    -->
  <!--                       is none.  [100]                                -->
  <!--                                                                      -->
  <!--   debug               Debugging detail level for messages logged     -->
  <!--                       by this servlet.  [0]                          -->
  <!--                                                                      -->
  <!-- IMPORTANT: To use the CGI servlet, you also need to rename the       -->
  <!--            $CATALINA_HOME/server/lib/servlets-cgi.renametojar file   -->
  <!--            to $CATALINA_HOME/server/lib/servlets-cgi.jar             -->

<!--
    <servlet>
        <servlet-name>cgi</servlet-name>
        <servlet-class>org.apache.catalina.servlets.CGIServlet</servlet-class>
        <init-param>
          <param-name>clientInputTimeout</param-name>
          <param-value>100</param-value>
        </init-param>
        <init-param>
          <param-name>debug</param-name>
          <param-value>6</param-value>
        </init-param>
        <init-param>
          <param-name>cgiPathPrefix</param-name>
          <param-value>WEB-INF/cgi</param-value>
        </init-param>
         <load-on-startup>5</load-on-startup>
    </servlet>
-->


  <!-- ================ Built In Servlet Mappings ========================= -->


  <!-- The servlet mappings for the built in servlets defined above.  Note  -->
  <!-- that, by default, the CGI and SSI servlets are *not* mapped.  You    -->
  <!-- must uncomment these mappings (or add them to your application's own -->
  <!-- web.xml deployment descriptor) to enable these services              -->

    <!-- The mapping for the default servlet -->
    <servlet-mapping>
        <servlet-name>default</servlet-name>
        <url-pattern>/</url-pattern>
    </servlet-mapping>
    <!-- The mapping for the invoker servlet -->
    <!-- Invoker commented to address Vulnerability
    <servlet-mapping>
        <servlet-name>invoker</servlet-name>
        <url-pattern>/servlet/*</url-pattern>
    </servlet-mapping>
    -->
    <!-- The mapping for the JSP servlet -->
    <servlet-mapping>
        <servlet-name>jsp</servlet-name>
        <url-pattern>*.jsp</url-pattern>
    </servlet-mapping>
    <!--
  <servlet-mapping>
    <servlet-name>invoker</servlet-name>
    <url-pattern>/servlets/*</url-pattern>
  </servlet-mapping>

  <servlet-mapping>
    <servlet-name>invoker</servlet-name>
    <url-pattern>/admin_servlets/*</url-pattern>
  </servlet-mapping>
  <servlet-mapping>

    <servlet-name>invoker</servlet-name>
    <url-pattern>/unauthenticatedservlets/*</url-pattern>
  </servlet-mapping>
  -->
    <!-- The mapping for the SSI servlet -->
<!--
    <servlet-mapping>
        <servlet-name>ssi</servlet-name>
        <url-pattern>*.shtml</url-pattern>
    </servlet-mapping>
-->

    <!-- The mapping for the CGI Gateway servlet -->
<!--
    <servlet-mapping>
        <servlet-name>cgi</servlet-name>
        <url-pattern>/cgi-bin/*</url-pattern>
    </servlet-mapping>
-->

     <!-- Define the context-relative URL(s) to be protected  -->
<security-constraint>
  <web-resource-collection>
     <web-resource-name>Folders to be blocked</web-resource-name>
     <url-pattern>/adventnet_specifications/*</url-pattern>
     <url-pattern>/apache/*</url-pattern>
     <url-pattern>/ancillary/*</url-pattern>
     <url-pattern>/bin/*</url-pattern>
     <url-pattern>/bsh-scripts/*</url-pattern>
     <url-pattern>/builder_template/*</url-pattern>
     <url-pattern>/builderconf/*</url-pattern>
     <url-pattern>/builderdata/*</url-pattern>
     <url-pattern>/ccs/*</url-pattern>
     <url-pattern>/configtasks/*</url-pattern>
     <url-pattern>/dbutil/*</url-pattern>
     <url-pattern>/default_impl/*</url-pattern>
     <url-pattern>/ejb_jars/*</url-pattern>
     <url-pattern>/examples/*</url-pattern>
     <url-pattern>/genTrap/*</url-pattern>
     <url-pattern>/idls/*</url-pattern>
     <url-pattern>/jmxstore/*</url-pattern>
     <url-pattern>/jre/*</url-pattern>
     <url-pattern>/lib/*</url-pattern>
     <url-pattern>/mysql/*</url-pattern>
     <url-pattern>/Patch/*</url-pattern>
     <url-pattern>/projects/*</url-pattern>
     <url-pattern>/provisioningtemplates/*</url-pattern>
     <url-pattern>/WEB-INF/*</url-pattern>
     <url-pattern>/servlet_sources/*</url-pattern> 
     <url-pattern>/StudioTools/*</url-pattern>
     <url-pattern>/provisioningresults/*</url-pattern>
     <url-pattern>/_uninst/*</url-pattern>
     <url-pattern>/template/*</url-pattern>
     <url-pattern>/README.html</url-pattern>
     <url-pattern>/setEnv.sh</url-pattern>
     <url-pattern>/startStudioTools.sh</url-pattern>
     <url-pattern>/WebNMSLauncher.sh</url-pattern>
     <url-pattern>/AdventNetLicense.ali</url-pattern>
     <url-pattern>/COPYRIGHT</url-pattern>
     <url-pattern>/favicon.ico</url-pattern>
     <url-pattern>/LICENSE_AGREEMENT</url-pattern>
     <url-pattern>/wrapper.exe</url-pattern>
     <url-pattern>/wrapper</url-pattern>
     <url-pattern>/testwrapper</url-pattern>
     <url-pattern>/HtmlNotif.ser</url-pattern>
     <url-pattern>/HtmlNotif.ser1</url-pattern>
     <url-pattern>/ipconfig.txt</url-pattern>
     <!-- classes related entries-->
     <url-pattern>/classes/hbnlib/*</url-pattern>
     <url-pattern>/classes/LICENCE_COMMONS_FILEUPLOAD.txt</url-pattern>
     <url-pattern>/classes/LICENSE_ACTIVATION.txt</url-pattern>
     <url-pattern>/classes/LICENSE_ANT.txt</url-pattern>
     <url-pattern>/classes/LICENSE_ANTLR.txt</url-pattern>
     <url-pattern>/classes/LICENSE_ASF.txt</url-pattern>
     <url-pattern>/classes/LICENSE_ASM.txt</url-pattern>
     <url-pattern>/classes/LICENSE_BSH.txt</url-pattern>
     <url-pattern>/classes/LICENSE_C3P0.txt</url-pattern>
     <url-pattern>/classes/LICENSE_COMM.txt</url-pattern>
     <url-pattern>/classes/LICENSE_COMMONS_BEANUTILS.txt</url-pattern>
     <url-pattern>/classes/LICENSE_COMMONS_COLLECTIONS.txt</url-pattern>
     <url-pattern>/classes/LICENSE_COMMONS_DIGESTER.txt</url-pattern>
     <url-pattern>/classes/LICENSE_FTP.txt</url-pattern>
     <url-pattern>/classes/LICENSE_HIBERNATE.txt</url-pattern>
     <url-pattern>/classes/LICENSE_ITEXT.txt</url-pattern>
     <url-pattern>/classes/LICENSE_J2SSh.txt</url-pattern>
     <url-pattern>/classes/LICENSE_JCVS.txt</url-pattern>
     <url-pattern>/classes/LICENSE_JFREECHART.txt</url-pattern>
     <url-pattern>/classes/LICENSE_JIMI.txt</url-pattern>
     <url-pattern>/classes/LICENSE_JNLP.txt</url-pattern>
     <url-pattern>/classes/LICENSE_MAIL.txt</url-pattern>
     <url-pattern>/classes/LICENSE_PYTHON.txt</url-pattern>
     <url-pattern>/classes/LICENSE_WRAPPER.txt</url-pattern>
     <url-pattern>/classes/LICENSE_XALAN.txt</url-pattern>
     <url-pattern>/classes/LICENSE_XML.txt</url-pattern>
     <url-pattern>/classes/LICENSE_XMOJO.txt</url-pattern>
     <url-pattern>/classes/LICENSE_jta.txt</url-pattern>
     <url-pattern>/classes/LICENSE_openorb-1.2.0.txt</url-pattern>
     <url-pattern>/classes/LICENSE_openorb.txt</url-pattern>
     <url-pattern>/classes/LOG4J_LICENSE.txt</url-pattern>
     <url-pattern>/classes/NOTICE_ANT.txt</url-pattern>
     <url-pattern>/classes/NOTICE_COMMONS_COLLECTIONS.txt</url-pattern>
     <url-pattern>/classes/license.txt</url-pattern>
     <url-pattern>/classes/p6spy_license.txt</url-pattern>
     <url-pattern>/classes/AdventNetUpdateManager.jar</url-pattern>
     <url-pattern>/classes/NmsServerClasses.jar</url-pattern>
     <url-pattern>/classes/AdventNetUpdateManagerInstaller.jar</url-pattern>
     <url-pattern>/classes/AdventNetUtilsBeanInfo.jar</url-pattern>
     <url-pattern>/classes/AdventNetWebNmsAgent.jar</url-pattern>
     <url-pattern>/classes/Mail.jar</url-pattern>
     <url-pattern>/classes/ManagementServer.jar</url-pattern>
     <url-pattern>/classes/NarPackager.jar</url-pattern>
     <url-pattern>/classes/SNMPConfigurationTool.jar</url-pattern>
     <url-pattern>/classes/SwingImages.jar</url-pattern>
     <url-pattern>/classes/activation.jar</url-pattern>
     <url-pattern>/classes/bsh-1.2b3.jar</url-pattern>
     <url-pattern>/classes/clientAPI.jar</url-pattern>
     <url-pattern>/classes/comm.jar</url-pattern>
     <url-pattern>/classes/commons-beanutils.jar</url-pattern>
     <url-pattern>/classes/commons-digester.jar</url-pattern>
     <url-pattern>/classes/crimson.jar</url-pattern>
     <url-pattern>/classes/debugger.jar</url-pattern>
     <url-pattern>/classes/ftp.jar</url-pattern>
     <url-pattern>/classes/j2ssh-common.jar</url-pattern>
     <url-pattern>/classes/j2ssh-core.jar</url-pattern>
     <url-pattern>/classes/jaxp.jar</url-pattern>
     <url-pattern>/classes/jcchartK.jar</url-pattern>
     <url-pattern>/classes/jcvs.jar</url-pattern>
     <url-pattern>/classes/jta.jar</url-pattern>
     <url-pattern>/classes/jython.jar</url-pattern>
     <url-pattern>/classes/log4j.jar</url-pattern>
     <url-pattern>/classes/openorb-1.2.0.jar</url-pattern>
     <url-pattern>/classes/openorb_tools-1.2.0.jar</url-pattern>
     <url-pattern>/classes/p6spy.jar</url-pattern>
     <url-pattern>/classes/xalan.jar</url-pattern>
     <url-pattern>/classes/xmojo.jar</url-pattern>
<url-pattern>/classes/LICENSE_JASPER_REPORTS.html</url-pattern>
<url-pattern>/classes/LICENSE_JETTY.html</url-pattern>
<url-pattern>/classes/LICENSE_JGRAPH.txt</url-pattern>
<url-pattern>/classes/LICENSE_STRUTS</url-pattern>
<url-pattern>/classes/LICENSE_TAGLIBS</url-pattern>
<url-pattern>/classes/LICENSE_TAGLIBS_MAILER.txt</url-pattern>
<url-pattern>/classes/License-RI.html</url-pattern>
<url-pattern>/classes/License-W3C.html</url-pattern>
<url-pattern>/classes/NOTICE</url-pattern>
<url-pattern>/classes/petinfo.dat</url-pattern>
<url-pattern>/classes/product.dat</url-pattern>
<url-pattern>/classes/SLA-AdventNet.pdf</url-pattern>
<url-pattern>/classes/Tools.properties</url-pattern>
     <!--Conf related Entries-->
     <url-pattern>/conf/backup/*</url-pattern>
     <url-pattern>/conf/examples/*</url-pattern>
     <url-pattern>/conf/feDeployment/*</url-pattern>
     <url-pattern>/conf/Firebird/*</url-pattern>
     <url-pattern>/conf/Informix/*</url-pattern>
     <url-pattern>/conf/jmx_agent/*</url-pattern>
     <url-pattern>/conf/MSSQL/*</url-pattern>
     <url-pattern>/conf/MySQL/*</url-pattern>
     <url-pattern>/conf/Oracle/*</url-pattern>
     <url-pattern>/conf/solid/*</url-pattern>
     <url-pattern>/conf/sybase/*</url-pattern>
     <url-pattern>/conf/postgresql/*</url-pattern>
     <url-pattern>/conf/dbscripts/*</url-pattern>
     <url-pattern>/conf/wrapper.conf</url-pattern>
     <url-pattern>/conf/WebNMSJVMMonitoring.dtd</url-pattern>
     <url-pattern>/conf/WebNMSJVMMonitoring.dtd</url-pattern>
     <url-pattern>/conf/WebServerConfChanges.xml</url-pattern>
     <url-pattern>/conf/TimesTen/*</url-pattern>
     <url-pattern>/conf/Deployment.dtd</url-pattern>
     <url-pattern>/conf/Deployment.xml</url-pattern>
     <url-pattern>/conf/MigrationProcesses.conf</url-pattern>
     <url-pattern>/conf/RebrandingConf.xml</url-pattern>
     <url-pattern>/conf/RebrandingItems.xml</url-pattern>
     <url-pattern>/conf/RebrandingProperties.xml</url-pattern>
     <url-pattern>/conf/NmsProcessesBE.conf</url-pattern>
     <url-pattern>/conf/seed.file</url-pattern>
     <url-pattern>/conf/seed.file.dtd</url-pattern>
     <url-pattern>/conf/ReportsManagement.dtd</url-pattern>
     <url-pattern>/conf/ReportsManagement.xml</url-pattern>
     <url-pattern>/conf/seed.dtd</url-pattern>
     <url-pattern>/conf/SnmpDefaultProperties.xml</url-pattern>
     <url-pattern>/conf/corbaseed.file</url-pattern>
     <url-pattern>/conf/policy.conf</url-pattern>
     <url-pattern>/conf/provider.xml</url-pattern>
     <url-pattern>/conf/TL1DefaultProperties.xml</url-pattern>
     <url-pattern>/conf/tl1seed.file</url-pattern>
     <url-pattern>/conf/trapport.conf</url-pattern>
     <url-pattern>/conf/DatabaseAliases.conf</url-pattern>
     <url-pattern>/conf/ConfFileChanges.xml</url-pattern>
     <url-pattern>/conf/HomePageLayout.xml</url-pattern>
     <url-pattern>/conf/MailMessage.conf</url-pattern>
     <url-pattern>/conf/log4j.xml</url-pattern>
     <url-pattern>/conf/log4j.dtd</url-pattern>
     <url-pattern>/conf/mailserver.conf</url-pattern>
     <url-pattern>/conf/DatabaseSchema.conf</url-pattern>
     <url-pattern>/conf/launcher_conf.txt</url-pattern>
     <url-pattern>/conf/launcher.config</url-pattern>
     <url-pattern>/conf/nms-support.xml</url-pattern>
     <url-pattern>/conf/spy.properties</url-pattern>
     <url-pattern>/conf/SchemaChanges.xml</url-pattern>
     <url-pattern>/conf/SchemaChanges.dtd</url-pattern>
     <url-pattern>/conf/DBDefaultProperties.xml</url-pattern>
     <url-pattern>/conf/DBObjects.conf</url-pattern>
 </web-resource-collection>
  <auth-constraint>
     <role-name></role-name>
  </auth-constraint>
</security-constraint>
  <!-- ==================== Default Session Configuration ================= -->
  <!-- You can set the default session timeout (in minutes) for all newly   -->
  <!-- created sessions by modifying the value below.                       -->

    <session-config>
        <session-timeout>30</session-timeout>
    </session-config>


  <!-- ===================== Default MIME Type Mappings =================== -->
  <!-- When serving static resources, Tomcat will automatically generate    -->
  <!-- a "Content-Type" header based on the resource's filename extension,  -->
  <!-- based on these mappings.  Additional mappings can be added here (to  -->
  <!-- apply to all web applications), or in your own application's web.xml -->
  <!-- deployment descriptor.                                               -->

    <mime-mapping>
        <extension>abs</extension>
        <mime-type>audio/x-mpeg</mime-type>
    </mime-mapping>
    <mime-mapping>
        <extension>ai</extension>
        <mime-type>application/postscript</mime-type>
    </mime-mapping>
    <mime-mapping>
        <extension>aif</extension>
        <mime-type>audio/x-aiff</mime-type>
    </mime-mapping>
    <mime-mapping>
        <extension>aifc</extension>
        <mime-type>audio/x-aiff</mime-type>
    </mime-mapping>
    <mime-mapping>
        <extension>aiff</extension>
        <mime-type>audio/x-aiff</mime-type>
    </mime-mapping>
    <mime-mapping>
        <extension>aim</extension>
        <mime-type>application/x-aim</mime-type>
    </mime-mapping>
    <mime-mapping>
        <extension>art</extension>
        <mime-type>image/x-jg</mime-type>
    </mime-mapping>
    <mime-mapping>
        <extension>asf</extension>
        <mime-type>video/x-ms-asf</mime-type>
    </mime-mapping>
    <mime-mapping>
        <extension>asx</extension>
        <mime-type>video/x-ms-asf</mime-type>
    </mime-mapping>
    <mime-mapping>
        <extension>au</extension>
        <mime-type>audio/basic</mime-type>
    </mime-mapping>
    <mime-mapping>
        <extension>avi</extension>
        <mime-type>video/x-msvideo</mime-type>
    </mime-mapping>
    <mime-mapping>
        <extension>avx</extension>
        <mime-type>video/x-rad-screenplay</mime-type>
    </mime-mapping>
    <mime-mapping>
        <extension>bcpio</extension>
        <mime-type>application/x-bcpio</mime-type>
    </mime-mapping>
    <mime-mapping>
        <extension>bin</extension>
        <mime-type>application/octet-stream</mime-type>
    </mime-mapping>
    <mime-mapping>
        <extension>bmp</extension>
        <mime-type>image/bmp</mime-type>
    </mime-mapping>
    <mime-mapping>
        <extension>body</extension>
        <mime-type>text/html</mime-type>
    </mime-mapping>
    <mime-mapping>
        <extension>cdf</extension>
        <mime-type>application/x-cdf</mime-type>
    </mime-mapping>
    <mime-mapping>
        <extension>cer</extension>
        <mime-type>application/x-x509-ca-cert</mime-type>
    </mime-mapping>
    <mime-mapping>
        <extension>class</extension>
        <mime-type>application/java</mime-type>
    </mime-mapping>
    <mime-mapping>
        <extension>cpio</extension>
        <mime-type>application/x-cpio</mime-type>
    </mime-mapping>
    <mime-mapping>
        <extension>csh</extension>
        <mime-type>application/x-csh</mime-type>
    </mime-mapping>
    <mime-mapping>
        <extension>css</extension>
        <mime-type>text/css</mime-type>
    </mime-mapping>
    <mime-mapping>
        <extension>dib</extension>
        <mime-type>image/bmp</mime-type>
    </mime-mapping>
    <mime-mapping>
        <extension>doc</extension>
        <mime-type>application/msword</mime-type>
    </mime-mapping>
    <mime-mapping>
        <extension>dtd</extension>
        <mime-type>text/plain</mime-type>
    </mime-mapping>
    <mime-mapping>
        <extension>dv</extension>
        <mime-type>video/x-dv</mime-type>
    </mime-mapping>
    <mime-mapping>
        <extension>dvi</extension>
        <mime-type>application/x-dvi</mime-type>
    </mime-mapping>
    <mime-mapping>
        <extension>eps</extension>
        <mime-type>application/postscript</mime-type>
    </mime-mapping>
    <mime-mapping>
        <extension>etx</extension>
        <mime-type>text/x-setext</mime-type>
    </mime-mapping>
    <mime-mapping>
        <extension>exe</extension>
        <mime-type>application/octet-stream</mime-type>
    </mime-mapping>
    <mime-mapping>
        <extension>gif</extension>
        <mime-type>image/gif</mime-type>
    </mime-mapping>
    <mime-mapping>
        <extension>gtar</extension>
        <mime-type>application/x-gtar</mime-type>
    </mime-mapping>
    <mime-mapping>
        <extension>gz</extension>
        <mime-type>application/x-gzip</mime-type>
    </mime-mapping>
    <mime-mapping>
        <extension>hdf</extension>
        <mime-type>application/x-hdf</mime-type>
    </mime-mapping>
    <mime-mapping>
        <extension>hqx</extension>
        <mime-type>application/mac-binhex40</mime-type>
    </mime-mapping>
    <mime-mapping>
        <extension>htc</extension>
        <mime-type>text/x-component</mime-type>
    </mime-mapping>
    <mime-mapping>
        <extension>htm</extension>
        <mime-type>text/html</mime-type>
    </mime-mapping>
    <mime-mapping>
        <extension>html</extension>
        <mime-type>text/html</mime-type>
    </mime-mapping>
    <mime-mapping>
        <extension>hqx</extension>
        <mime-type>application/mac-binhex40</mime-type>
    </mime-mapping>
    <mime-mapping>
        <extension>ief</extension>
        <mime-type>image/ief</mime-type>
    </mime-mapping>
    <mime-mapping>
        <extension>jad</extension>
        <mime-type>text/vnd.sun.j2me.app-descriptor</mime-type>
    </mime-mapping>
    <mime-mapping>
        <extension>jar</extension>
        <mime-type>application/java-archive</mime-type>
    </mime-mapping>
    <mime-mapping>
        <extension>java</extension>
        <mime-type>text/plain</mime-type>
    </mime-mapping>
    <mime-mapping>
        <extension>jnlp</extension>
        <mime-type>application/x-java-jnlp-file</mime-type>
    </mime-mapping>
    <mime-mapping>
        <extension>jpe</extension>
        <mime-type>image/jpeg</mime-type>
    </mime-mapping>
    <mime-mapping>
        <extension>jpeg</extension>
        <mime-type>image/jpeg</mime-type>
    </mime-mapping>
    <mime-mapping>
        <extension>jpg</extension>
        <mime-type>image/jpeg</mime-type>
    </mime-mapping>
    <mime-mapping>
        <extension>js</extension>
        <mime-type>text/javascript</mime-type>
    </mime-mapping>
    <mime-mapping>
        <extension>jsf</extension>
        <mime-type>text/plain</mime-type>
    </mime-mapping>
    <mime-mapping>
        <extension>jspf</extension>
        <mime-type>text/plain</mime-type>
    </mime-mapping>
    <mime-mapping>
        <extension>kar</extension>
        <mime-type>audio/x-midi</mime-type>
    </mime-mapping>
    <mime-mapping>
        <extension>latex</extension>
        <mime-type>application/x-latex</mime-type>
    </mime-mapping>
    <mime-mapping>
        <extension>m3u</extension>
        <mime-type>audio/x-mpegurl</mime-type>
    </mime-mapping>
    <mime-mapping>
        <extension>mac</extension>
        <mime-type>image/x-macpaint</mime-type>
    </mime-mapping>
    <mime-mapping>
        <extension>man</extension>
        <mime-type>application/x-troff-man</mime-type>
    </mime-mapping>
    <mime-mapping>
        <extension>me</extension>
        <mime-type>application/x-troff-me</mime-type>
    </mime-mapping>
    <mime-mapping>
        <extension>mid</extension>
        <mime-type>audio/x-midi</mime-type>
    </mime-mapping>
    <mime-mapping>
        <extension>midi</extension>
        <mime-type>audio/x-midi</mime-type>
    </mime-mapping>
    <mime-mapping>
        <extension>mif</extension>
        <mime-type>application/x-mif</mime-type>
    </mime-mapping>
    <mime-mapping>
        <extension>mov</extension>
        <mime-type>video/quicktime</mime-type>
    </mime-mapping>
    <mime-mapping>
        <extension>movie</extension>
        <mime-type>video/x-sgi-movie</mime-type>
    </mime-mapping>
    <mime-mapping>
        <extension>mp1</extension>
        <mime-type>audio/x-mpeg</mime-type>
    </mime-mapping>
    <mime-mapping>
        <extension>mp2</extension>
        <mime-type>audio/x-mpeg</mime-type>
    </mime-mapping>
    <mime-mapping>
        <extension>mp3</extension>
        <mime-type>audio/x-mpeg</mime-type>
    </mime-mapping>
    <mime-mapping>
        <extension>mpa</extension>
        <mime-type>audio/x-mpeg</mime-type>
    </mime-mapping>
    <mime-mapping>
        <extension>mpe</extension>
        <mime-type>video/mpeg</mime-type>
    </mime-mapping>
    <mime-mapping>
        <extension>mpeg</extension>
        <mime-type>video/mpeg</mime-type>
    </mime-mapping>
    <mime-mapping>
        <extension>mpega</extension>
        <mime-type>audio/x-mpeg</mime-type>
    </mime-mapping>
    <mime-mapping>
        <extension>mpg</extension>
        <mime-type>video/mpeg</mime-type>
    </mime-mapping>
    <mime-mapping>
        <extension>mpv2</extension>
        <mime-type>video/mpeg2</mime-type>
    </mime-mapping>
    <mime-mapping>
        <extension>ms</extension>
        <mime-type>application/x-wais-source</mime-type>
    </mime-mapping>
    <mime-mapping>
        <extension>nc</extension>
        <mime-type>application/x-netcdf</mime-type>
    </mime-mapping>
    <mime-mapping>
        <extension>oda</extension>
        <mime-type>application/oda</mime-type>
    </mime-mapping>
    <mime-mapping>
        <extension>pbm</extension>
        <mime-type>image/x-portable-bitmap</mime-type>
    </mime-mapping>
    <mime-mapping>
        <extension>pct</extension>
        <mime-type>image/pict</mime-type>
    </mime-mapping>
    <mime-mapping>
        <extension>pdf</extension>
        <mime-type>application/pdf</mime-type>
    </mime-mapping>
    <mime-mapping>
        <extension>pgm</extension>
        <mime-type>image/x-portable-graymap</mime-type>
    </mime-mapping>
    <mime-mapping>
        <extension>pic</extension>
        <mime-type>image/pict</mime-type>
    </mime-mapping>
    <mime-mapping>
        <extension>pict</extension>
        <mime-type>image/pict</mime-type>
    </mime-mapping>
    <mime-mapping>
        <extension>pls</extension>
        <mime-type>audio/x-scpls</mime-type>
    </mime-mapping>
    <mime-mapping>
        <extension>png</extension>
        <mime-type>image/png</mime-type>
    </mime-mapping>
    <mime-mapping>
        <extension>pnm</extension>
        <mime-type>image/x-portable-anymap</mime-type>
    </mime-mapping>
    <mime-mapping>
        <extension>pnt</extension>
        <mime-type>image/x-macpaint</mime-type>
    </mime-mapping>
    <mime-mapping>
        <extension>ppm</extension>
        <mime-type>image/x-portable-pixmap</mime-type>
    </mime-mapping>
    <mime-mapping>
        <extension>ps</extension>
        <mime-type>application/postscript</mime-type>
    </mime-mapping>
    <mime-mapping>
        <extension>psd</extension>
        <mime-type>image/x-photoshop</mime-type>
    </mime-mapping>
    <mime-mapping>
        <extension>qt</extension>
        <mime-type>video/quicktime</mime-type>
    </mime-mapping>
    <mime-mapping>
        <extension>qti</extension>
        <mime-type>image/x-quicktime</mime-type>
    </mime-mapping>
    <mime-mapping>
        <extension>qtif</extension>
        <mime-type>image/x-quicktime</mime-type>
    </mime-mapping>
    <mime-mapping>
        <extension>ras</extension>
        <mime-type>image/x-cmu-raster</mime-type>
    </mime-mapping>
    <mime-mapping>
        <extension>rgb</extension>
        <mime-type>image/x-rgb</mime-type>
    </mime-mapping>
    <mime-mapping>
        <extension>rm</extension>
        <mime-type>application/vnd.rn-realmedia</mime-type>
    </mime-mapping>
    <mime-mapping>
        <extension>roff</extension>
        <mime-type>application/x-troff</mime-type>
    </mime-mapping>
    <mime-mapping>
        <extension>rtf</extension>
        <mime-type>application/rtf</mime-type>
    </mime-mapping>
    <mime-mapping>
        <extension>rtx</extension>
        <mime-type>text/richtext</mime-type>
    </mime-mapping>
    <mime-mapping>
        <extension>sh</extension>
        <mime-type>application/x-sh</mime-type>
    </mime-mapping>
    <mime-mapping>
        <extension>shar</extension>
        <mime-type>application/x-shar</mime-type>
    </mime-mapping>
    <mime-mapping>
        <extension>sit</extension>
        <mime-type>application/x-stuffit</mime-type>
    </mime-mapping>
    <mime-mapping>
        <extension>smf</extension>
        <mime-type>audio/x-midi</mime-type>
    </mime-mapping>
    <mime-mapping>
        <extension>snd</extension>
        <mime-type>audio/basic</mime-type>
    </mime-mapping>
    <mime-mapping>
        <extension>src</extension>
        <mime-type>application/x-wais-source</mime-type>
    </mime-mapping>
    <mime-mapping>
        <extension>sv4cpio</extension>
        <mime-type>application/x-sv4cpio</mime-type>
    </mime-mapping>
    <mime-mapping>
        <extension>sv4crc</extension>
        <mime-type>application/x-sv4crc</mime-type>
    </mime-mapping>
    <mime-mapping>
        <extension>swf</extension>
        <mime-type>application/x-shockwave-flash</mime-type>
    </mime-mapping>
    <mime-mapping>
        <extension>t</extension>
        <mime-type>application/x-troff</mime-type>
    </mime-mapping>
    <mime-mapping>
        <extension>tar</extension>
        <mime-type>application/x-tar</mime-type>
    </mime-mapping>
    <mime-mapping>
        <extension>tcl</extension>
        <mime-type>application/x-tcl</mime-type>
    </mime-mapping>
    <mime-mapping>
        <extension>tex</extension>
        <mime-type>application/x-tex</mime-type>
    </mime-mapping>
    <mime-mapping>
        <extension>texi</extension>
        <mime-type>application/x-texinfo</mime-type>
    </mime-mapping>
    <mime-mapping>
        <extension>texinfo</extension>
        <mime-type>application/x-texinfo</mime-type>
    </mime-mapping>
    <mime-mapping>
        <extension>tif</extension>
        <mime-type>image/tiff</mime-type>
    </mime-mapping>
    <mime-mapping>
        <extension>tiff</extension>
        <mime-type>image/tiff</mime-type>
    </mime-mapping>
    <mime-mapping>
        <extension>tr</extension>
        <mime-type>application/x-troff</mime-type>
    </mime-mapping>
    <mime-mapping>
        <extension>tsv</extension>
        <mime-type>text/tab-separated-values</mime-type>
    </mime-mapping>
    <mime-mapping>
        <extension>txt</extension>
        <mime-type>text/plain</mime-type>
    </mime-mapping>
    <mime-mapping>
        <extension>ulw</extension>
        <mime-type>audio/basic</mime-type>
    </mime-mapping>
    <mime-mapping>
        <extension>ustar</extension>
        <mime-type>application/x-ustar</mime-type>
    </mime-mapping>
    <mime-mapping>
        <extension>xbm</extension>
        <mime-type>image/x-xbitmap</mime-type>
    </mime-mapping>
    <mime-mapping>
        <extension>xml</extension>
        <mime-type>text/xml</mime-type>
    </mime-mapping>
    <mime-mapping>
        <extension>xpm</extension>
        <mime-type>image/x-xpixmap</mime-type>
    </mime-mapping>
    <mime-mapping>
        <extension>xsl</extension>
        <mime-type>text/xml</mime-type>
    </mime-mapping>
    <mime-mapping>
        <extension>xwd</extension>
        <mime-type>image/x-xwindowdump</mime-type>
    </mime-mapping>
    <mime-mapping>
        <extension>wav</extension>
        <mime-type>audio/x-wav</mime-type>
    </mime-mapping>
    <mime-mapping>
        <extension>svg</extension>
        <mime-type>image/svg+xml</mime-type>
    </mime-mapping>
    <mime-mapping>
        <extension>svgz</extension>
        <mime-type>image/svg+xml</mime-type>
    </mime-mapping>
    <mime-mapping>
        <!-- Wireless Bitmap -->
        <extension>wbmp</extension>
        <mime-type>image/vnd.wap.wbmp</mime-type>
    </mime-mapping>
    <mime-mapping>
        <!-- WML Source -->
        <extension>wml</extension>
        <mime-type>text/vnd.wap.wml</mime-type>
    </mime-mapping>
    <mime-mapping>
        <!-- Compiled WML -->
        <extension>wmlc</extension>
        <mime-type>application/vnd.wap.wmlc</mime-type>
    </mime-mapping>
    <mime-mapping>
        <!-- WML Script Source -->
        <extension>wmls</extension>
        <mime-type>text/vnd.wap.wmlscript</mime-type>
    </mime-mapping>
    <mime-mapping>
        <!-- Compiled WML Script -->
        <extension>wmlscriptc</extension>
        <mime-type>application/vnd.wap.wmlscriptc</mime-type>
    </mime-mapping>
    <mime-mapping>
        <extension>wrl</extension>
        <mime-type>x-world/x-vrml</mime-type>
    </mime-mapping>
    <mime-mapping>
        <extension>Z</extension>
        <mime-type>application/x-compress</mime-type>
    </mime-mapping>
    <mime-mapping>
        <extension>z</extension>
        <mime-type>application/x-compress</mime-type>
    </mime-mapping>
    <mime-mapping>
        <extension>zip</extension>
        <mime-type>application/zip</mime-type>
    </mime-mapping>


  <!-- ==================== Default Welcome File List ===================== -->
  <!-- When a request URI refers to a directory, the default servlet looks  -->
  <!-- for a "welcome file" within that directory and, if present,          -->
  <!-- to the corresponding resource URI for display.  If no welcome file   -->
  <!-- is present, the default servlet either serves a directory listing,   -->
  <!-- or returns a 404 status, depending on how it is configured.          -->
  <!--                                                                      -->
  <!-- If you define welcome files in your own application's web.xml        -->
  <!-- deployment descriptor, that list *replaces* the list configured      -->
  <!-- here, so be sure that you include any of the default values that     -->
  <!-- you wish to include.                                                 -->

    <welcome-file-list>
        <welcome-file>index.html</welcome-file>
        <welcome-file>index.htm</welcome-file>
        <welcome-file>index.jsp</welcome-file>
    </welcome-file-list>

</web-app>
